Name,Encodings,SoE
Aakash,"-0.12463712692260742,0.037209559231996536,0.03765508905053139,-0.030994703993201256,-0.07069827616214752,-0.06536206603050232,0.0022779200226068497,-0.0655832588672638,0.1828104704618454,-0.20075006783008575,0.1958412528038025,-0.007326312363147736,-0.2018595188856125,-0.037079524248838425,-0.01275407150387764,0.09521594643592834,-0.0773206353187561,-0.11563646793365479,-0.03742840141057968,-0.11887094378471375,0.11843235045671463,0.043807342648506165,-0.05425575375556946,0.011575933545827866,-0.18780571222305298,-0.325673907995224,-0.11617877334356308,-0.07732469588518143,-0.0012710373848676682,-0.035360679030418396,0.05556775629520416,0.030081138014793396,-0.15559689700603485,-0.011694418266415596,0.007309334352612495,0.10356485098600388,-0.032782331109046936,0.004633987322449684,0.14423517882823944,-0.013797665014863014,-0.13980300724506378,-0.0005546314641833305,0.056413017213344574,0.2517709732055664,0.03727082535624504,0.07004417479038239,0.0686790719628334,-0.09615688771009445,0.07596488296985626,-0.21905136108398438,0.0699298232793808,0.10006076097488403,0.05148007720708847,0.08077946305274963,0.07835043966770172,-0.1888679713010788,0.08301877975463867,0.09562662243843079,-0.22365429997444153,0.15478375554084778,0.08308286964893341,-0.12147578597068787,-0.07439618557691574,0.06373364478349686,0.19905035197734833,0.06670282781124115,-0.08988494426012039,-0.09686048328876495,0.21230284869670868,-0.1904800832271576,0.01852608099579811,0.05954405292868614,-0.05975327640771866,-0.23869688808918,-0.21264734864234924,0.08222271502017975,0.43573281168937683,0.20537163317203522,-0.10285228490829468,0.08308014273643494,-0.0706099420785904,0.02251400426030159,0.12864544987678528,0.02973981387913227,-0.07464386522769928,-0.0017522089183330536,-0.14310815930366516,0.12055405974388123,0.19769135117530823,0.008560477755963802,0.0032785842195153236,0.24863193929195404,0.04875501990318298,0.028172701597213745,0.031109977513551712,0.035280413925647736,-0.14726100862026215,-0.020529869943857193,-0.0717412680387497,-0.023059440776705742,0.12474866956472397,-0.1356317102909088,0.019706731662154198,0.069161057472229,-0.1990894377231598,0.2115040421485901,-0.0341777577996254,-0.038500137627124786,-0.02367435023188591,0.06761670112609863,-0.10514214634895325,-0.007560109253972769,0.1220901608467102,-0.2022746205329895,0.1906181424856186,0.16971565783023834,0.0600910522043705,0.2425413876771927,0.08842417597770691,0.06145476549863815,0.01930522918701172,-0.11132712662220001,-0.191344752907753,-0.07227075845003128,-0.02302318438887596,-0.0207328200340271,0.0783071517944336,0.061270732432603836",0.392596848
Akarsh,"-0.1590057909488678,0.047347716987133026,0.10414750874042511,-0.015779932960867882,0.022636331617832184,-0.10868982970714569,-0.027804328128695488,-0.11677208542823792,0.1663607358932495,-0.16268371045589447,0.19458280503749847,0.0309852734208107,-0.12636339664459229,-0.09974788874387741,-0.06902503967285156,0.10714997351169586,-0.09149621427059174,-0.18725064396858215,-0.0824311375617981,-0.12448378652334213,0.07248532772064209,-0.01626507192850113,-0.026865506544709206,0.028266489505767822,-0.17587779462337494,-0.26060405373573303,-0.12214024364948273,-0.13225792348384857,0.08316385000944138,-0.0333121232688427,-0.05353423207998276,-0.02855740115046501,-0.1846991628408432,-0.025503329932689667,-0.04771127179265022,0.09651746600866318,0.04920415207743645,0.02272527664899826,0.17996494472026825,-0.0316951684653759,-0.14366303384304047,0.05072445049881935,0.07382979243993759,0.24726146459579468,0.1466870903968811,0.03233913332223892,0.05244971066713333,-0.027131255716085434,0.11911708116531372,-0.20506763458251953,0.08005964010953903,0.10580341517925262,0.18585819005966187,0.10895109176635742,0.06931271404027939,-0.17749445140361786,0.03974458575248718,0.0748843178153038,-0.21903739869594574,0.1717081218957901,0.051832880824804306,-0.04735008627176285,-0.052723877131938934,0.08118055015802383,0.22196173667907715,0.17651137709617615,-0.10078221559524536,-0.12088878452777863,0.23342975974082947,-0.227549746632576,0.048641838133335114,0.039049047976732254,-0.09569472074508667,-0.12897081673145294,-0.22328554093837738,0.04767013341188431,0.3998893201351166,0.16005152463912964,-0.14726316928863525,0.07631727308034897,-0.12405651062726974,0.01694568619132042,0.07047363370656967,-0.03201093524694443,-0.14798393845558167,0.06591977179050446,-0.12437533587217331,0.055985331535339355,0.21375703811645508,0.06723387539386749,-0.004262279253453016,0.18463321030139923,0.04207649081945419,0.03499312326312065,0.046889886260032654,0.0306219682097435,-0.10632722079753876,-0.05576365068554878,-0.0934341549873352,0.033204007893800735,-0.00483482051640749,-0.10394413769245148,0.031505465507507324,0.043186869472265244,-0.12728098034858704,0.15198743343353271,-0.01580124720931053,0.020847368985414505,-0.07706742733716965,0.1665572226047516,-0.11034668982028961,-0.05129339173436165,0.11200464516878128,-0.15317346155643463,0.23120859265327454,0.15673808753490448,0.025696897879242897,0.13436882197856903,0.0824100598692894,0.07660242170095444,-0.004944696091115475,-0.01938122883439064,-0.09540397673845291,-0.06616399437189102,-0.018721845000982285,-0.10114092379808426,0.1219131276011467,0.10872633010149002",0.139621442
Angelina Jolie,"-0.1768135130405426,0.041879039257764816,0.2057763934135437,-0.11737190186977386,-0.09138770401477814,-0.04250486567616463,-0.10178179293870926,-0.1164821982383728,0.16138148307800293,-0.21067404747009277,0.19816575944423676,-0.040728967636823654,-0.2836398184299469,0.028468845412135124,0.0180247463285923,0.16028335690498352,-0.23185761272907257,-0.18307243287563324,-0.06061554700136185,-0.06774871051311493,0.0851384848356247,0.07879815995693207,-0.0777510479092598,0.07543947547674179,-0.15683065354824066,-0.3768002390861511,-0.13651302456855774,0.041765883564949036,-0.021102767437696457,-0.07025152444839478,0.010594203136861324,0.06449054181575775,-0.21180513501167297,0.039917245507240295,-0.029844000935554504,0.21462129056453705,-0.04040706157684326,-0.1418963372707367,0.08012863993644714,-0.023857705295085907,-0.29673051834106445,-0.05717448890209198,0.12537889182567596,0.2252795398235321,0.25767743587493896,-0.012205857783555984,0.00034047849476337433,-0.04626055806875229,0.11684773117303848,-0.3417103588581085,0.06673897802829742,0.23026104271411896,0.03498607128858566,0.12318503856658936,0.1522320657968521,-0.25302213430404663,-0.011035275645554066,0.06389966607093811,-0.11510476469993591,0.029001550748944283,0.09850470721721649,-0.1365593522787094,0.09627888351678848,-0.08676173537969589,0.16281329095363617,0.08903461694717407,-0.16081783175468445,-0.15269973874092102,0.22026388347148895,-0.1657847911119461,-0.018615126609802246,0.11989472806453705,-0.19373582303524017,-0.2077585905790329,-0.35486656427383423,0.03589882701635361,0.4192394018173218,0.09765225648880005,-0.08940916508436203,0.07972574234008789,-0.04425598308444023,-0.03351154550909996,0.02458425611257553,0.18831990659236908,0.06675394624471664,0.03404521197080612,-0.12256636470556259,0.16858619451522827,0.2160821259021759,-0.002463763579726219,0.015339415520429611,0.25525596737861633,-0.005427533760666847,-0.028682265430688858,0.05530824512243271,0.17742419242858887,-0.11822769045829773,-0.029057692736387253,-0.1714809387922287,0.06881507486104965,-0.018764600157737732,-0.0336184948682785,-0.04693826287984848,0.1248280256986618,-0.05969709903001785,0.1942080855369568,0.0302199088037014,-0.009391555562615395,-0.10748501121997833,-0.04451067000627518,-0.12469370663166046,-0.024858640506863594,0.13776834309101105,-0.26676976680755615,0.15549549460411072,0.15195202827453613,-0.0043956320732831955,0.17713645100593567,0.008339389227330685,0.14708895981311798,-0.01452672015875578,-0.1112314835190773,-0.12950187921524048,-0.06178750470280647,-0.04994071647524834,-0.014514160342514515,0.0051352838054299355,0.08306188136339188",-0.554534202
Ben Affleck,"-0.127260223031044,0.1423691213130951,0.08244277536869049,0.006490184925496578,-0.1926630139350891,-0.017591942101716995,-0.018941957503557205,-0.0921156108379364,0.07973084598779678,-0.013006473891437054,0.24131061136722565,-0.04893212765455246,-0.34195077419281006,-0.05702503025531769,0.044194210320711136,0.12828555703163147,-0.19630767405033112,-0.04806843027472496,-0.08217238634824753,-0.0508672334253788,0.08115724474191666,0.10013381391763687,0.061843615025281906,0.023946024477481842,-0.23674283921718597,-0.36463212966918945,-0.047596778720617294,-0.07165466994047165,0.10404621809720993,-0.1679808348417282,0.03178737685084343,0.06931161880493164,-0.12514616549015045,0.0012422725558280945,-0.05791783332824707,0.09375199675559998,-0.07309170812368393,-0.07472510635852814,0.20594140887260437,0.10088717937469482,-0.24836401641368866,0.03456352278590202,-0.053125035017728806,0.329048752784729,0.28917965292930603,-0.05239382013678551,0.11165934056043625,-0.09932857006788254,0.08842788636684418,-0.271231085062027,0.09669174998998642,0.11817030608654022,0.08738943189382553,0.036840133368968964,0.06374912708997726,-0.21203923225402832,-0.08199649304151535,0.22803939878940582,-0.23901233077049255,0.11832433938980103,0.13432899117469788,-0.08991578221321106,0.011616358533501625,-0.04294344782829285,0.18354879319667816,0.059820257127285004,-0.14228752255439758,-0.07257315516471863,0.17391201853752136,-0.1188507005572319,-0.04441586881875992,0.14712458848953247,-0.10681799799203873,-0.19663137197494507,-0.31575849652290344,0.09360266476869583,0.3933751583099365,0.07553725689649582,-0.21635524928569794,-0.07589470595121384,-0.06373821198940277,-0.00666462816298008,0.0925350934267044,0.09968721866607666,-0.052398357540369034,-0.0975678563117981,-0.13547901809215546,0.0868467390537262,0.16264063119888306,-0.030657267197966576,7.120054215192795e-05,0.33251941204071045,0.07736241072416306,-0.025171957910060883,0.07203533500432968,0.10836927592754364,-0.14874254167079926,-0.0038758092559874058,-0.03883004188537598,-0.0478496327996254,0.09634625911712646,-0.2334989458322525,0.03813944011926651,0.08950841426849365,-0.16870912909507751,0.2783138155937195,0.029386896640062332,0.03424372151494026,0.037187084555625916,-0.12180724740028381,-0.06800928711891174,0.061838794499635696,0.2544144093990326,-0.3178979754447937,0.2200661599636078,0.17616434395313263,0.0027429484762251377,0.1674690544605255,0.04563304781913757,0.09440986812114716,-0.06063714995980263,-0.044957369565963745,-0.13937035202980042,0.010716269724071026,0.03985161334276199,-0.07774604856967926,0.05639764666557312,0.06037547066807747",0.229159728
Bill Gates,"-0.05258592590689659,0.0602412112057209,-0.034867748618125916,0.0894923135638237,-0.07299599796533585,-0.07193712890148163,-0.012640613131225109,-0.1343720257282257,0.07188521325588226,-0.10113146156072617,0.13155841827392578,-0.033874914050102234,-0.22095802426338196,-0.07454995810985565,-0.011042858473956585,0.11949872225522995,-0.13081273436546326,-0.056582123041152954,-0.11847330629825592,-0.07653859257698059,-0.018302034586668015,-0.0022539887577295303,0.09969483315944672,-0.013308070600032806,-0.044288571923971176,-0.26749786734580994,-0.08548291772603989,-0.10781347751617432,0.0902198776602745,-0.05880282074213028,-0.022332768887281418,0.0846029743552208,-0.21819108724594116,-0.07792964577674866,0.046993695199489594,0.15314194560050964,-0.05148901417851448,-0.0071871899999678135,0.2838817834854126,0.02076813578605652,-0.15482686460018158,0.029479358345270157,0.0913800373673439,0.21866895258426666,0.203110933303833,-0.004231977742165327,-0.0251893512904644,-0.04537194222211838,0.08285879343748093,-0.17552539706230164,0.05477318912744522,0.13903440535068512,0.20221510529518127,0.055594414472579956,0.03940973058342934,-0.13794080913066864,0.06483317911624908,0.12053566426038742,-0.19355015456676483,0.06537613272666931,0.12854406237602234,-0.13178452849388123,-0.009702473878860474,0.08414951711893082,0.21799905598163605,0.07592495530843735,-0.08488113433122635,-0.10060903429985046,0.17852117121219635,-0.19629301130771637,0.004417246673256159,0.08023323118686676,-0.06603824347257614,-0.1200178861618042,-0.3304602801799774,-0.011827182024717331,0.39470916986465454,0.16076026856899261,-0.07385977357625961,0.002892259508371353,-0.13023343682289124,-0.10812952369451523,0.014750085771083832,0.09604716300964355,-0.11732598394155502,-0.04483509063720703,-0.10445950925350189,0.06489090621471405,0.14294283092021942,0.03236693888902664,-0.041610199958086014,0.18386535346508026,-0.003698432818055153,0.04321873560547829,-0.034413233399391174,-0.027730155736207962,-0.13774047791957855,-0.12070939689874649,-0.10501883924007416,-0.10769443213939667,-0.012134608812630177,-0.17597045004367828,0.048973020166158676,0.17934948205947876,-0.19867341220378876,0.057415179908275604,-0.07080966234207153,-0.020971065387129784,0.0272628515958786,0.030495915561914444,-0.07204155623912811,0.010267682373523712,0.12642434239387512,-0.22114357352256775,0.1866246908903122,0.14888164401054382,-0.02010328695178032,0.05478173866868019,0.12170775234699249,0.08124449104070663,-0.015244982205331326,-0.05517953634262085,-0.2181934267282486,-0.08139465004205704,-0.03936133533716202,0.0034624184481799603,0.11386142671108246,0.06884171813726425",-0.540096845
Brad Pitt,"-0.03464044630527496,0.146744042634964,0.04765530675649643,-0.034061264246702194,-0.13111579418182373,0.0036420272663235664,-0.07691720128059387,-0.06404399126768112,0.16774873435497284,-0.03580857813358307,0.22131681442260742,0.03429153561592102,-0.23874889314174652,-0.12600813806056976,-0.06289667636156082,0.07091349363327026,-0.09269104897975922,-0.09667140990495682,-0.05887359380722046,-0.007345457561314106,0.01898646540939808,0.07025128602981567,0.07401791960000992,0.043352529406547546,-0.10025455057621002,-0.37819451093673706,-0.13580428063869476,-0.046293698251247406,0.041547346860170364,-0.13334588706493378,-0.013788963668048382,0.07255063951015472,-0.1849662959575653,-0.10410276055335999,-0.007701375987380743,0.04121933877468109,-0.11473145335912704,-0.047359876334667206,0.17178049683570862,0.05245519429445267,-0.11441656202077866,0.003988292999565601,-0.015163015574216843,0.27226945757865906,0.1609746366739273,0.0863841325044632,0.07847380638122559,-0.09234793484210968,0.08294519037008286,-0.19511324167251587,0.09914319962263107,0.18582329154014587,0.1622503399848938,0.06945013254880905,0.10237548500299454,-0.18278095126152039,0.08283942937850952,0.21475963294506073,-0.20813137292861938,0.050168298184871674,0.00942828319966793,-0.11668117344379425,0.03808419406414032,0.01044012513011694,0.2665048837661743,0.06671994924545288,-0.06483250856399536,-0.10415558516979218,0.15403608977794647,-0.06473271548748016,0.007526260334998369,0.12146429717540741,-0.07949846982955933,-0.17732687294483185,-0.2599480152130127,0.0941503494977951,0.37502437829971313,0.1774582713842392,-0.13862547278404236,0.04934854060411453,-0.14743709564208984,0.003579231910407543,0.012880296446383,-0.0025908767711371183,-0.17066590487957,-0.08434364199638367,-0.17606273293495178,0.02113332599401474,0.09993341565132141,0.02170383930206299,-0.03447362780570984,0.19400449097156525,0.02416570484638214,0.06746746599674225,0.06078135222196579,-0.004862138535827398,-0.16346973180770874,0.06098132207989693,-0.00988319143652916,0.020627537742257118,0.05051923170685768,-0.1178831085562706,0.012350043281912804,0.06258025020360947,-0.14969824254512787,0.1507710963487625,-0.011077928356826305,-0.008944140747189522,-0.004763866774737835,-0.07628555595874786,-0.08448421210050583,0.0033698570914566517,0.1324407458305359,-0.39214998483657837,0.2517261803150177,0.07565964013338089,-0.007175584323704243,0.24268430471420288,0.08447358012199402,0.10563890635967255,-0.0701407641172409,-0.13878914713859558,-0.11411716043949127,-0.05142608657479286,0.11336429417133331,-0.06103993207216263,0.12056901305913925,0.041356563568115234",0.113381115
Denzen Washington,"-0.024993911385536194,0.09347442537546158,0.09465795755386353,0.05202822387218475,0.0013169782469049096,-0.042924363166093826,0.032824233174324036,-0.1562138795852661,0.20084428787231445,-0.17514920234680176,0.2209046334028244,-0.007105134893208742,-0.21759822964668274,-0.1576789915561676,0.07460944354534149,0.16051709651947021,-0.07500576227903366,-0.1232750415802002,-0.16763517260551453,-0.0880654975771904,-0.02567284367978573,0.046122271567583084,0.04518024995923042,-0.004088983405381441,-0.023721057921648026,-0.33604446053504944,-0.08964541554450989,-0.19076979160308838,0.007052457891404629,-0.09178900718688965,-0.08151829242706299,0.04940490797162056,-0.18744131922721863,-0.13222798705101013,-0.05188861861824989,0.016851576045155525,-0.020280247554183006,-0.012279370799660683,0.19158935546875,-0.05928262323141098,-0.12690696120262146,0.03264009207487106,0.010835280641913414,0.2202042043209076,0.25504070520401,-0.011142827570438385,0.0028824713081121445,-0.007121234200894833,0.08795033395290375,-0.24818243086338043,0.016363928094506264,0.01202623825520277,0.18009397387504578,0.08286873996257782,0.08912032097578049,-0.1897405982017517,-0.028475124388933182,0.04145047068595886,-0.20149385929107666,0.068793386220932,0.06919360160827637,-0.14731337130069733,-0.07315457612276077,0.05329431965947151,0.33997711539268494,0.09742125123739243,-0.10778416693210602,-0.03784279152750969,0.17754971981048584,-0.15893395245075226,0.08005879819393158,0.044856853783130646,-0.1460769921541214,-0.11915373057126999,-0.26246026158332825,0.09464485943317413,0.3871966600418091,0.10387450456619263,-0.21623221039772034,-0.032907746732234955,-0.16029398143291473,0.06785354018211365,0.020489711314439774,-0.005666263401508331,-0.045382071286439896,-0.03942873328924179,-0.10671602189540863,0.0353037528693676,0.1397642344236374,-0.016516830772161484,-0.03806700184941292,0.23983773589134216,-0.04596048966050148,-0.007444338873028755,0.027865855023264885,-0.025606853887438774,-0.03439326584339142,-0.1085759624838829,-0.13871097564697266,0.013283857144415379,0.013074856251478195,-0.13569363951683044,-0.0016047568060457706,0.09883039444684982,-0.146148219704628,0.09579426050186157,-0.06716103106737137,0.013544308952987194,0.014138997532427311,0.018748536705970764,-0.08920589089393616,-0.030786823481321335,0.17554768919944763,-0.20481258630752563,0.1913454234600067,0.1175546646118164,-0.05479807406663895,0.15148167312145233,-0.05121547356247902,0.13777215778827667,-0.09817659109830856,-0.024838171899318695,-0.18950873613357544,-0.06667066365480423,0.09324926137924194,0.020810790359973907,0.09959675371646881,0.06276459991931915",-0.906232507
Elon Musk,"-0.08030512183904648,0.11563055217266083,0.10551364719867706,-0.028934644535183907,-0.1568918079137802,0.043641265481710434,-0.017970992252230644,-0.16822195053100586,0.16638495028018951,-0.07365375012159348,0.24840252101421356,-0.08285952359437943,-0.2814960777759552,0.023661276325583458,0.016539357602596283,0.09437732398509979,-0.125363290309906,-0.15927055478096008,-0.03918156027793884,-0.135500967502594,0.0986340120434761,0.1013140082359314,0.03290756046772003,-0.05095069855451584,-0.13112135231494904,-0.32887622714042664,-0.07912775874137878,-0.08871684968471527,0.1903761476278305,-0.047585174441337585,0.07090331614017487,0.08839154988527298,-0.18703405559062958,-0.05047474056482315,0.05117941275238991,0.04052136838436127,-0.10862763226032257,-0.07736378908157349,0.20445199310779572,-0.0247393436729908,-0.19097517430782318,-0.06887385994195938,0.003682267852127552,0.2146640419960022,0.14871017634868622,0.04776163771748543,0.018432602286338806,-0.1000518724322319,0.028715936467051506,-0.178494393825531,0.09422355890274048,0.2222457081079483,0.06383736431598663,0.07595498859882355,0.11857730150222778,-0.15131230652332306,-0.0016873031854629517,0.1775071769952774,-0.1976042240858078,0.07958127558231354,0.13180503249168396,-0.06772001087665558,0.014748124405741692,-0.08491051942110062,0.1864275336265564,0.028278227895498276,-0.04654495418071747,-0.14095917344093323,0.185985267162323,-0.06954924017190933,-0.11136725544929504,0.1438753753900528,-0.18616585433483124,-0.13142921030521393,-0.25964218378067017,-0.0123470239341259,0.4418693780899048,0.045715462416410446,-0.10151883959770203,0.02867306023836136,-0.006548796780407429,0.016920922324061394,0.10898701101541519,0.02066701650619507,-0.051695555448532104,-0.10420339554548264,-0.049108974635601044,-0.0001214025542140007,0.15704463422298431,-0.04166103154420853,-0.10165520012378693,0.2072836011648178,-0.06298159062862396,-0.02017081528902054,0.04920266196131706,0.07422987371683121,-0.05513971298933029,-0.038620539009571075,-0.08563409745693207,-0.1333482563495636,0.039201050996780396,-0.07033609598875046,-0.000408779364079237,0.16443844139575958,-0.17871154844760895,0.1372738927602768,-0.009987106546759605,0.06382036209106445,0.0170152485370636,-0.03717324510216713,-0.0642629861831665,0.004405895713716745,0.19886331260204315,-0.3019556999206543,0.21133574843406677,0.16455070674419403,-0.04514292627573013,0.10457086563110352,0.027851155027747154,0.050283391028642654,-0.014058426953852177,-0.0496954545378685,-0.2078506052494049,-0.09904240816831589,0.0425056591629982,0.00374842481687665,-0.01543805468827486,0.0487915463745594",-0.363280786
Elton Jhon,"0.04560825601220131,0.0166364386677742,0.001516707707196474,0.056504376232624054,-0.0693507269024849,-0.022665640339255333,0.032618939876556396,-0.029965853318572044,0.19849368929862976,-0.09642533212900162,0.1348353922367096,-0.044521018862724304,-0.1785026490688324,0.030778096988797188,0.009007113054394722,0.07046843320131302,-0.16354425251483917,-0.050853338092565536,-0.09032700955867767,0.024982497096061707,0.024818820878863335,-0.04240355268120766,0.08315963298082352,-0.06754737347364426,-0.07171331346035004,-0.3601994514465332,-0.13316723704338074,-0.09624069929122925,0.08817398548126221,-0.04796454682946205,0.046541012823581696,0.10625864565372467,-0.14877849817276,-0.024768590927124023,-0.013394556008279324,0.06364907324314117,-0.15145587921142578,-0.03593134507536888,0.25397613644599915,0.027318308129906654,-0.20788045227527618,0.009952357038855553,0.01814138889312744,0.24504107236862183,0.2120639532804489,0.022462906315922737,0.018743082880973816,-0.053224559873342514,0.028072062879800797,-0.2603852450847626,0.062405988574028015,0.16641978919506073,0.11387837678194046,0.15112905204296112,0.08184468001127243,-0.06802941858768463,0.07924661040306091,0.10918350517749786,-0.17576263844966888,0.0849592387676239,0.1085171103477478,-0.04438237100839615,0.03744111210107803,0.04983491450548172,0.22057630121707916,0.11151529848575592,-0.06076434254646301,-0.08485022932291031,0.12696339190006256,-0.20890779793262482,-0.05386439710855484,0.050949759781360626,-0.08269539475440979,-0.1979125738143921,-0.2437860071659088,-0.04356462508440018,0.3576865494251251,0.1217532828450203,-0.07967392355203629,0.01175056491047144,-0.09783085435628891,-0.09390976279973984,0.06213553994894028,0.07039434462785721,-0.11341062188148499,-0.02524653822183609,-0.0836653783917427,0.04647442698478699,0.2184135615825653,-0.07595410197973251,-0.02631746605038643,0.18182842433452606,-0.012564538046717644,-0.034852370619773865,-0.003511125221848488,-0.01855299063026905,-0.036124806851148605,-0.014453666284680367,-0.17099902033805847,-0.08401535451412201,0.06066855788230896,-0.17455194890499115,-0.032788731157779694,0.08758065104484558,-0.25971344113349915,0.17209337651729584,-0.005655093118548393,-0.04785533994436264,0.06938952952623367,-0.0356617271900177,-0.11700340360403061,0.060433316975831985,0.22156178951263428,-0.239112988114357,0.2305196076631546,0.16791638731956482,0.01858329586684704,0.10131693631410599,0.05687534809112549,0.073952816426754,-0.0455155074596405,-0.06625745445489883,-0.19180937111377716,-0.03010530211031437,-0.042092517018318176,0.08085901290178299,0.007053635083138943,0.042446933686733246",-0.038560864
Hugh Jackman,"-0.09257512539625168,0.1484263390302658,0.11049355566501617,-0.058726049959659576,-0.1826428472995758,0.005080581642687321,-0.09522043168544769,0.009189855307340622,0.12040167301893234,-0.06986292451620102,0.14429500699043274,-0.0011292248964309692,-0.2613065838813782,0.04564028978347778,-0.0016619004309177399,0.08990591764450073,-0.21195605397224426,-0.09038461744785309,-0.09070467203855515,-0.12297840416431427,0.025716982781887054,0.07641222327947617,-0.0628824383020401,0.01826021447777748,-0.1411796510219574,-0.25396209955215454,-0.0062741469591856,-0.05578450858592987,0.1320551484823227,-0.12929724156856537,0.058231864124536514,-0.015501651912927628,-0.1480158120393753,-0.07238277792930603,-0.008049042895436287,0.08884794265031815,-0.08470138162374496,-0.07195357233285904,0.24727651476860046,0.052093446254730225,-0.18519657850265503,0.005686950404196978,0.012996641919016838,0.3944348394870758,0.16036255657672882,0.057051800191402435,-0.009867988526821136,0.0432630218565464,0.1725318729877472,-0.26896777749061584,0.06031240522861481,0.1994350701570511,0.18311549723148346,0.07289828360080719,0.060780495405197144,-0.2056935727596283,0.08638031780719757,0.19792480766773224,-0.26801955699920654,0.10584285110235214,0.13206630945205688,-0.15270459651947021,0.051036588847637177,-0.06093006953597069,0.26575759053230286,0.07856512814760208,-0.09427867084741592,-0.13144391775131226,0.13611988723278046,-0.1285347193479538,-0.09105685353279114,0.06545023620128632,-0.07982140779495239,-0.04740535095334053,-0.3091737926006317,-0.04930268973112106,0.34725645184516907,0.14781996607780457,-0.1794920712709427,-0.03557872027158737,-0.08145234733819962,-0.02817022055387497,0.0655384436249733,0.07077209651470184,-0.11581890285015106,-0.02997838333249092,-0.08298619091510773,-0.01233639381825924,0.1621895730495453,0.03988494351506233,-0.04315611347556114,0.1742658019065857,0.11198688298463821,-0.06061272695660591,0.029929988086223602,-0.04459306597709656,-0.19443222880363464,-0.08264654129743576,-0.07225432246923447,-0.04963403195142746,-0.010954922065138817,-0.16248540580272675,0.04276948794722557,0.13179399073123932,-0.2585259675979614,0.27850109338760376,0.026358868926763535,0.038721002638339996,-0.021895211189985275,0.03842981904745102,-0.09512722492218018,0.017464105039834976,0.25162696838378906,-0.27231091260910034,0.19966644048690796,0.19696277379989624,0.03374586999416351,0.12216076254844666,0.08080439269542694,0.034688785672187805,-0.08503790199756622,0.0194198340177536,-0.1564716398715973,-0.13968314230442047,-0.04510500282049179,-0.1068413183093071,0.14822904765605927,0.10707356035709381",-0.046709955
Jeff Bezos,"-0.03337370604276657,0.07910799980163574,0.02666448801755905,-0.0147568853572011,-0.039928119629621506,-0.025628671050071716,0.032009344547986984,-0.07774486392736435,0.012246844358742237,-0.08328859508037567,0.16067564487457275,-0.08787958323955536,-0.22922499477863312,-0.05903635546565056,0.07639046013355255,0.053358450531959534,-0.12612266838550568,-0.20151956379413605,-0.1392824947834015,-0.06569007784128189,0.10825414955615997,-0.0006570429541170597,-0.006322803907096386,0.08396854996681213,-0.21638904511928558,-0.2872174382209778,-0.09250977635383606,-0.15947093069553375,0.16994258761405945,-0.13181839883327484,-0.007771197706460953,-0.03192479908466339,-0.1520930528640747,-0.04203883558511734,0.00663215946406126,0.07233662903308868,0.021761512383818626,-0.0688278079032898,0.23525039851665497,0.05317430943250656,-0.26888567209243774,0.083943210542202,-0.02976822666823864,0.3162126839160919,0.24228578805923462,0.03223668038845062,0.05367047339677811,-0.06387210637331009,0.022279730066657066,-0.18974550068378448,0.09001211076974869,0.20464913547039032,0.09602924436330795,0.0763600617647171,0.07870130240917206,-0.10080602765083313,-0.02583799511194229,0.12123403698205948,-0.21886397898197174,0.05580517649650574,0.04158104956150055,-0.018525993451476097,0.07545492053031921,-0.08532582223415375,0.10395187139511108,-0.007998859509825706,-0.11144260317087173,-0.11635202914476395,0.17206084728240967,-0.2536657750606537,-0.13015824556350708,0.06275928765535355,-0.11489006876945496,-0.10294180363416672,-0.32751932740211487,0.030479274690151215,0.3726918399333954,0.18982011079788208,-0.21167252957820892,0.046752676367759705,-0.07860727608203888,-0.05790800228714943,0.10517338663339615,0.11540019512176514,-0.01863211579620838,-0.0012720990926027298,-0.0395282544195652,0.05178320035338402,0.14931689202785492,-0.013873755000531673,-0.00495515763759613,0.15162892639636993,-0.01439044438302517,-0.055595338344573975,0.07422460615634918,0.09362504631280899,-0.16523493826389313,-0.021923890337347984,-0.07806599885225296,-0.053659018129110336,0.009240184910595417,-0.06826698780059814,0.03522606939077377,0.1991344839334488,-0.19216085970401764,0.18139998614788055,-0.032168447971343994,-0.0828486829996109,-0.023358220234513283,0.0709465891122818,-0.05760139971971512,-0.052677977830171585,0.1566879004240036,-0.2540017366409302,0.11681205034255981,0.3029452860355377,-0.0540740042924881,0.022858064621686935,0.0870087668299675,0.05652511864900589,-0.010507533326745033,0.024706587195396423,-0.25135013461112976,-0.09396477043628693,0.0111063402146101,0.009488512761890888,0.023621566593647003,0.003492881078273058",-0.722319636
Jennifer Lawrence,"-0.13256461918354034,0.18569539487361908,0.17883123457431793,-0.09381808340549469,-0.2020791620016098,-0.050550565123558044,-0.06401491165161133,-0.12905487418174744,0.1351674497127533,-0.029580770060420036,0.21307730674743652,-0.07558038085699081,-0.2302749752998352,-0.04153909906744957,-0.03278446942567825,0.21025320887565613,-0.07593230158090591,-0.1889268308877945,-0.0541449710726738,-0.0321793295443058,0.0593949519097805,0.02169041708111763,-0.03372544050216675,0.05106334388256073,-0.1850460022687912,-0.3341963291168213,-0.07150166481733322,0.011523682624101639,-0.06690779328346252,-0.05953097343444824,-0.04734066128730774,0.15818896889686584,-0.2395860105752945,-0.027515260502696037,0.0125109339132905,0.22519350051879883,0.005582327954471111,-0.13334915041923523,0.056879281997680664,0.019625168293714523,-0.2699434459209442,0.009339933283627033,0.09848286211490631,0.23043617606163025,0.19448117911815643,-0.024118969216942787,0.09011361747980118,-0.09035476297140121,0.024628665298223495,-0.2977200150489807,0.12137091159820557,0.18288497626781464,0.022676486521959305,0.07337310165166855,0.049446992576122284,-0.17315706610679626,0.00608685240149498,0.08772987872362137,-0.22894056141376495,-0.01979452185332775,0.1575264185667038,-0.0784347727894783,-0.07329774647951126,-0.22350259125232697,0.1987055093050003,0.23933307826519012,-0.13131080567836761,-0.15813635289669037,0.16119147837162018,-0.15797457098960876,-0.11089401692152023,0.04097609966993332,-0.14093613624572754,-0.14639021456241608,-0.40222975611686707,0.0827922523021698,0.38968923687934875,0.19219613075256348,-0.2123144268989563,-0.0067034633830189705,-0.08749880641698837,0.0021805884316563606,-0.03619338199496269,0.11847720295190811,0.04298841580748558,0.03649568185210228,-0.11972865462303162,0.07452673465013504,0.22995981574058533,-0.03836490213871002,0.036403995007276535,0.2772058844566345,0.04750519245862961,-0.04333087056875229,-0.06493805348873138,0.130658820271492,-0.099342942237854,-0.0011608540080487728,-0.12058154493570328,0.013510528020560741,-0.03178125619888306,-0.03205898776650429,-0.05985601991415024,0.17062687873840332,-0.2127716988325119,0.1655988097190857,-0.006056423764675856,-0.04248663783073425,-0.08021123707294464,-0.08682535588741302,-0.025056147947907448,-0.05128803104162216,0.13291716575622559,-0.2282586395740509,0.14009445905685425,0.17168259620666504,0.02333180606365204,0.13741998374462128,0.07034926861524582,0.13402333855628967,0.035401053726673126,-0.13024500012397766,-0.12505416572093964,-0.08380193263292313,0.025200843811035156,-0.08399777114391327,-0.0374784991145134,0.14413537085056305",-0.947413198
Jerry Seinfeld,"0.014179577119648457,0.1003425121307373,0.02553325705230236,-0.05118918791413307,-0.09391854703426361,0.03978310525417328,-0.053578414022922516,-0.13840538263320923,0.103151835501194,-0.04442479461431503,0.2278793752193451,0.03160277381539345,-0.26307472586631775,-0.013952560722827911,-0.056957047432661057,0.12380161881446838,-0.25627973675727844,-0.07017342001199722,-0.13422219455242157,-0.12854838371276855,0.020551420748233795,0.08794628828763962,0.041420746594667435,0.03317762911319733,-0.13151365518569946,-0.32513266801834106,-0.1019238755106926,-0.09585636854171753,0.11775802820920944,-0.09156128764152527,-0.02747819386422634,-0.03984552249312401,-0.17371416091918945,-0.011548928916454315,0.058161087334156036,-0.021765971556305885,-0.04325132071971893,-0.1301107108592987,0.19446521997451782,0.08793699741363525,-0.070865198969841,0.09505178779363632,0.05009371414780617,0.2860649526119232,0.15337790548801422,0.07004687190055847,0.09421852231025696,-0.09714290499687195,0.11722437292337418,-0.26790672540664673,0.13869288563728333,0.1567678302526474,0.11744526773691177,0.046504613012075424,0.06529226899147034,-0.22061417996883392,-0.03478744626045227,0.1650417596101761,-0.15114982426166534,0.21219441294670105,0.09340716153383255,-0.04632312431931496,-0.02248881757259369,-0.03873981907963753,0.2350996434688568,0.10724599659442902,-0.13707780838012695,-0.11284631490707397,0.19639699161052704,-0.0977601706981659,-0.0399857759475708,-0.02035129815340042,-0.13801507651805878,-0.1630564033985138,-0.22451870143413544,0.08635896444320679,0.5334751605987549,0.13975684344768524,-0.20841224491596222,-0.027133680880069733,-0.16618822515010834,0.006270613521337509,0.07687415182590485,0.05082082003355026,-0.09040067344903946,-0.11465559899806976,-0.10547122359275818,0.07493376731872559,0.24607424437999725,-0.034863315522670746,-0.04555525258183479,0.279768168926239,0.017485221847891808,-0.0033694682642817497,0.02822142094373703,0.017614569514989853,-0.1560751050710678,-0.016503361985087395,-0.04890107735991478,-0.0036357492208480835,0.017277134582400322,-0.15841126441955566,0.02186676859855652,0.13210484385490417,-0.1808423548936844,0.15088137984275818,0.011348992586135864,-0.06315980851650238,0.08135344833135605,0.0703643411397934,-0.1443016678094864,-0.08951792120933533,0.20292341709136963,-0.3005223870277405,0.26424843072891235,0.22782212495803833,0.10200899094343185,0.15688928961753845,0.008190515451133251,0.14372026920318604,0.029091445729136467,-0.000420399010181427,-0.1404750943183899,-0.10903754830360413,-0.010411174036562443,-0.030964255332946777,-0.007757829502224922,0.05157593637704849",0.298136376
Jhonny Depp,"-0.1412479132413864,0.20247295498847961,0.12162615358829498,-0.044876694679260254,-0.11877328157424927,-0.036648478358983994,-0.06883074343204498,-0.12228790670633316,0.13058429956436157,-0.06739742308855057,0.2551535367965698,-0.02472040057182312,-0.28050559759140015,-0.015838295221328735,0.06268437206745148,0.06847376376390457,-0.09176307171583176,-0.15457621216773987,-0.13423743844032288,0.011482778005301952,0.019281992688775063,0.03910723701119423,-0.004973466508090496,0.037196483463048935,-0.08235099166631699,-0.34116339683532715,-0.04421527311205864,-0.008748548105359077,-0.045539677143096924,-0.07716061174869537,-0.011482936330139637,0.0010605615098029375,-0.17694821953773499,-0.09617043286561966,0.056870900094509125,0.07828876376152039,-0.05571814998984337,-0.08109784126281738,0.1721709966659546,-0.033507540822029114,-0.21670915186405182,-0.05570388212800026,0.10652466118335724,0.24532951414585114,0.22106213867664337,0.02922392264008522,-0.005777573212981224,-0.052628904581069946,0.09004730731248856,-0.20741169154644012,0.11530551314353943,0.1470186710357666,0.1880740374326706,0.07794345170259476,0.1250619888305664,-0.21549296379089355,0.0423327311873436,0.14508657157421112,-0.18985681235790253,0.03645157068967819,0.08727795630693436,-0.10431253910064697,-0.021630290895700455,-0.0035992113407701254,0.23469455540180206,0.1270192712545395,-0.12741157412528992,-0.12645237147808075,0.09200935065746307,-0.08212549984455109,-0.06645811349153519,0.11719132214784622,-0.13153807818889618,-0.16542457044124603,-0.26364654302597046,0.01612096279859543,0.42065417766571045,0.06555123627185822,-0.27464744448661804,-0.07268915325403214,-0.06873857975006104,-0.035847291350364685,0.04614850878715515,0.05354763939976692,-0.07656104862689972,-0.09037584811449051,-0.14374478161334991,-0.008866915479302406,0.20817364752292633,0.05691353976726532,-0.08518031239509583,0.2215813547372818,0.03207100182771683,-0.0897047147154808,0.08000301569700241,0.09848997741937637,-0.08615153282880783,-0.04565738886594772,-0.1274091750383377,-0.07458289712667465,0.03682607784867287,-0.12494837492704391,-0.0847192108631134,0.11361656337976456,-0.24285238981246948,0.11821842193603516,0.04802839457988739,0.04029335081577301,0.015250524505972862,-0.0325259268283844,-0.07285033166408539,-0.052809346467256546,0.12407265603542328,-0.30453017354011536,0.16941063106060028,0.10808299481868744,-0.006133129354566336,0.15320968627929688,0.007063991390168667,0.06045619398355484,0.041677169501781464,-0.03287548944354057,-0.07449465245008469,-0.14086739718914032,0.014856657013297081,0.03186649829149246,0.10826510190963745,0.06065862998366356",-0.811505886
Kate Winslet,"-0.24759405851364136,0.14672914147377014,0.15998676419258118,-0.12829017639160156,-0.2024661749601364,-0.029465679079294205,-0.146851047873497,-0.12703782320022583,0.2681385576725006,-0.11093397438526154,0.1743415892124176,-0.021656420081853867,-0.22205348312854767,0.012555517256259918,-0.022712089121341705,0.1869059056043625,-0.13750803470611572,-0.13265711069107056,-0.0567505843937397,-0.05180469900369644,0.10185720026493073,0.0756329819560051,0.00399238895624876,0.0760960504412651,-0.13795390725135803,-0.33508986234664917,-0.0851939395070076,-0.01581028290092945,0.02325434423983097,-0.09573324024677277,-0.05099572241306305,0.008220130577683449,-0.16332533955574036,-0.0784619152545929,-0.019308794289827347,0.19144582748413086,-0.08846088498830795,-0.1670164316892624,0.1340412050485611,-0.015937423333525658,-0.2592708468437195,-0.0628264844417572,0.10268202424049377,0.23782964050769806,0.25474995374679565,0.043780118227005005,0.03151937201619148,-0.09613797068595886,0.18378789722919464,-0.36778056621551514,0.05113931745290756,0.16501784324645996,-0.015343612991273403,0.06886023283004761,0.21497014164924622,-0.19673994183540344,-0.008129899390041828,0.13877566158771515,-0.16970418393611908,0.06907525658607483,0.10193170607089996,-0.1347668319940567,-0.00777109619230032,-0.2268034815788269,0.2648784816265106,0.1442628651857376,-0.11798455566167831,-0.1379585862159729,0.2116212099790573,-0.09410156309604645,-0.1226244643330574,0.09790397435426712,-0.11500301212072372,-0.19522982835769653,-0.3701801300048828,0.018232807517051697,0.39786362648010254,0.21262839436531067,-0.145158588886261,0.07969663292169571,-0.09558939933776855,-0.024032171815633774,-0.05380762368440628,0.08843774348497391,0.05094217509031296,0.01413344033062458,-0.13384856283664703,-0.037517838180065155,0.2577229142189026,-0.045938875526189804,0.06747724115848541,0.2989373207092285,0.05910707265138626,-0.017311811447143555,-0.02042161300778389,0.1148364469408989,-0.21552160382270813,-0.062086399644613266,-0.20146892964839935,-0.08979160338640213,0.04968148469924927,-0.04576892405748367,0.02603655308485031,0.10548755526542664,-0.22239360213279724,0.1963421255350113,0.013649974018335342,-0.02154877968132496,-0.08230393379926682,-0.0719238743185997,-0.11788436025381088,0.020234445109963417,0.1931309998035431,-0.25138601660728455,0.19640742242336273,0.14765121042728424,0.1040751188993454,0.21566715836524963,0.09615040570497513,0.10250519216060638,-0.01416672021150589,-0.03654284030199051,-0.05016295611858368,-0.13371619582176208,-0.004858114290982485,-0.02320045977830887,0.014362960122525692,0.18327230215072632",-0.537123929
Leonardo DiCaprio,"-0.09328995645046234,0.09598222374916077,0.10838151723146439,-0.0067894235253334045,-0.1599719524383545,-0.01030992716550827,0.04218411445617676,-0.08616393059492111,0.10169024020433426,0.013928194530308247,0.2531629204750061,-0.08942455053329468,-0.21778708696365356,-0.08853976428508759,-0.050577111542224884,0.08290495723485947,-0.07829869538545609,-0.15792149305343628,-0.060056354850530624,-0.04561781883239746,0.0662117749452591,-0.0037243703845888376,0.031490758061409,0.059505950659513474,-0.08105513453483582,-0.33782970905303955,-0.046050719916820526,-0.10563847422599792,0.03612000495195389,-0.17176339030265808,0.008705525659024715,0.14856676757335663,-0.18863165378570557,-0.10946081578731537,-0.0049356380477547646,0.11121898889541626,-0.06468795239925385,-0.10425461083650589,0.19765570759773254,-0.03809138014912605,-0.13823983073234558,0.06179839000105858,-0.015841741114854813,0.35550442337989807,0.12391455471515656,0.01015771646052599,0.028739716857671738,-0.07404458522796631,0.15373754501342773,-0.28307169675827026,-0.007951708510518074,0.19238300621509552,0.08933831751346588,0.023201316595077515,0.05679165944457054,-0.05636245012283325,0.11785237491130829,0.07058432698249817,-0.19287259876728058,0.040445875376462936,0.08891628682613373,-0.12069350481033325,-0.008076228201389313,-0.16021676361560822,0.21769537031650543,0.030630748718976974,-0.07297772914171219,-0.047448866069316864,0.03410710021853447,-0.05575796589255333,-0.08866091072559357,0.11983354389667511,-0.15788958966732025,-0.13573171198368073,-0.28345099091529846,0.08101481199264526,0.5162584185600281,0.08940140902996063,-0.2102893590927124,0.03400324285030365,-0.13038429617881775,0.06890798360109329,0.08637338876724243,0.009015649557113647,-0.09653391689062119,-0.03563845157623291,-0.20398052036762238,0.04474498704075813,0.19911019504070282,-0.062024977058172226,-0.07562397420406342,0.12872791290283203,0.04182889312505722,0.04428974911570549,0.06503916531801224,0.04490714520215988,-0.047470077872276306,0.013230472803115845,-0.1090497076511383,0.037026289850473404,0.06539768725633621,-0.11622071266174316,-0.05432703718543053,0.04886868596076965,-0.21409781277179718,0.12433566898107529,0.00812114030122757,-0.013919319957494736,0.006092843133956194,-0.09855437278747559,-0.11943595856428146,0.056196101009845734,0.13246984779834747,-0.36092880368232727,0.1870698630809784,0.15888841450214386,0.008389568887650967,0.13601092994213104,0.04646717756986618,0.03483416140079498,-0.10973303020000458,-0.04597656428813934,-0.09628702700138092,-0.12276079505681992,0.14770951867103577,0.053833696991205215,0.03853442519903183,-0.015496993437409401",-0.708453131
Madonna,"-0.22665664553642273,0.11262381821870804,0.190257266163826,-0.13028720021247864,-0.17204613983631134,-0.017617471516132355,-0.03827952593564987,-0.13731539249420166,0.13644233345985413,-0.11263004690408707,0.06710178405046463,-0.1263088583946228,-0.2536706328392029,0.06110323965549469,-0.04494708031415939,0.17379333078861237,-0.0486404225230217,-0.18727311491966248,-0.11290933936834335,-0.10414828360080719,0.008974170312285423,0.17685018479824066,-0.06584378331899643,0.05604502186179161,-0.09563523530960083,-0.2414536476135254,-0.03547189012169838,-0.05003583803772926,0.017609350383281708,-0.056453853845596313,0.01776699721813202,0.0850735530257225,-0.22428995370864868,-0.06942962110042572,0.019984513521194458,0.15757910907268524,0.003870478831231594,-0.15955805778503418,0.18441759049892426,-0.07697437703609467,-0.28257614374160767,-0.05999988317489624,0.17692244052886963,0.20870375633239746,0.14784491062164307,-0.01889977976679802,-0.014228742569684982,-0.032094746828079224,0.12749329209327698,-0.2778746485710144,-0.06984162330627441,0.10259935259819031,0.05013929307460785,0.03912544995546341,0.08067261427640915,-0.23178908228874207,0.05731089040637016,0.11071299761533737,-0.21954399347305298,0.05788109079003334,0.0641571655869484,-0.21012087166309357,0.019273467361927032,-0.06450286507606506,0.241997629404068,0.02318442240357399,-0.04019795358181,-0.16344046592712402,0.24331820011138916,-0.14276042580604553,-0.013118480332195759,0.17408953607082367,-0.08866381645202637,-0.11282557994127274,-0.2695460915565491,0.03409246355295181,0.419330358505249,0.14784781634807587,-0.0954534113407135,0.14277534186840057,-0.07630353420972824,-1.1499505490064621e-05,0.0007325442275032401,0.08947554975748062,0.01364062912762165,0.01177150011062622,-0.07283525168895721,0.02546478435397148,0.28660422563552856,-0.029332948848605156,0.03214065730571747,0.23548032343387604,0.061793792992830276,-0.05392909422516823,-0.02221500687301159,0.02919504977762699,-0.12172825634479523,-0.04159673675894737,-0.09383584558963776,0.0017594723030924797,0.06748757511377335,-0.03433949127793312,0.08726567775011063,0.1824922114610672,-0.2186860740184784,0.091792993247509,-0.04875650256872177,-0.05358355492353439,-0.058342862874269485,0.004550572019070387,-0.01361147128045559,-0.034744638949632645,0.17922276258468628,-0.23961390554904938,0.11689732223749161,0.14559392631053925,-0.06909997761249542,0.15615136921405792,0.06843997538089752,0.09977997094392776,0.06924393773078918,-0.004794027656316757,-0.11630970984697342,-0.14980602264404297,0.1352822333574295,-0.04611616209149361,0.07562878727912903,0.14228777587413788",-0.245806742
Megan Fox,"-0.12966710329055786,0.13098245859146118,0.08897335827350616,-0.08879183977842331,-0.20095592737197876,-0.0405656099319458,-0.12094143778085709,-0.14319896697998047,0.09825021773576736,-0.06497766822576523,0.1541471779346466,-0.07830537855625153,-0.3613548278808594,0.1398611068725586,-0.1643470972776413,0.13097530603408813,-0.2064812034368515,-0.10772006958723068,-0.07845177501440048,-0.06341367214918137,0.07035034894943237,0.011902045458555222,0.029897263273596764,0.18099695444107056,-0.024042198434472084,-0.3230692744255066,-0.09421612322330475,-0.008319617249071598,-0.005394602194428444,-0.06069815903902054,-0.028728771954774857,0.027085712179541588,-0.25239992141723633,-0.047568999230861664,-0.00219797994941473,0.10985149443149567,0.027832217514514923,-0.14556166529655457,0.10263838618993759,0.007613472640514374,-0.17997558414936066,-0.06824492663145065,0.1805349737405777,0.27296772599220276,0.20707054436206818,0.06933118402957916,0.02114291675388813,-0.0444757342338562,0.19410158693790436,-0.3145446479320526,0.08011287450790405,0.18792182207107544,0.15832094848155975,0.05858432501554489,0.06673367321491241,-0.24909913539886475,0.0394885316491127,0.11193092167377472,-0.10840623825788498,0.11352407187223434,0.10544386506080627,-0.05002821981906891,0.04964575171470642,-0.13801977038383484,0.2841018736362457,0.10048654675483704,-0.1579352617263794,-0.08600776642560959,0.1885433942079544,-0.1640653759241104,-0.01438014768064022,0.03650056570768356,-0.1619669795036316,-0.14415088295936584,-0.274522602558136,0.02558087557554245,0.44959938526153564,0.1336282640695572,-0.10037356615066528,0.05256960168480873,-0.12693381309509277,-0.0337132103741169,-0.10407872498035431,0.15069647133350372,-0.05769544094800949,0.07734904438257217,-0.1418762058019638,0.0880715474486351,0.23461417853832245,-0.054015353322029114,0.044906143099069595,0.3570610284805298,0.010435791686177254,-0.023702014237642288,0.05603675916790962,0.12920792400836945,-0.21779322624206543,-0.056521225720644,-0.1533491015434265,0.030933072790503502,-0.04510096088051796,-0.11947266757488251,-0.02203613892197609,0.04070466756820679,-0.1815880388021469,0.0410454198718071,-0.05147983878850937,0.005465918220579624,-0.05898471549153328,-0.043734416365623474,-0.14397916197776794,-0.11452576518058777,0.1769145131111145,-0.2470296025276184,0.1324881911277771,0.1224367618560791,0.0653863474726677,0.14284655451774597,0.02956450544297695,0.14239580929279327,0.07591889053583145,-0.06854702532291412,-0.015941208228468895,-0.11457937210798264,0.047203827649354935,-0.09658306837081909,-0.034020181745290756,0.07190211117267609",-0.652037985
Mindy Kaling,"-0.15257257223129272,-0.03371986374258995,0.0637558251619339,-0.07020110636949539,-0.03930777311325073,-0.040344830602407455,-0.03347981348633766,-0.07426781952381134,0.21144573390483856,-0.08203206211328506,0.19676607847213745,-0.010412846691906452,-0.3049367070198059,0.011836815625429153,-0.05257868021726608,0.10604297369718552,-0.17172861099243164,-0.14004158973693848,-0.0930560901761055,-0.02684694528579712,-0.0471617616713047,0.04486744478344917,0.08776501566171646,0.03713760897517204,-0.1425289660692215,-0.4014206528663635,-0.1043117344379425,-0.047695815563201904,-0.05427860468626022,-0.013593219220638275,0.06247320771217346,0.11561378836631775,-0.23657523095607758,-0.08759396523237228,0.06428253650665283,0.14538651704788208,-0.061305075883865356,-0.08995537459850311,0.2591708302497864,-0.02307732030749321,-0.22188782691955566,-0.12277986854314804,0.1085977628827095,0.22627179324626923,0.14910557866096497,0.09360659122467041,-0.039686258882284164,-0.10345830023288727,0.04356851428747177,-0.28680408000946045,0.04919910430908203,0.19042375683784485,0.10214336216449738,0.07780469208955765,0.03343489393591881,-0.14507535099983215,0.057830676436424255,0.1635340303182602,-0.2382875680923462,-0.06308743357658386,-0.03314697742462158,-0.07422956079244614,-0.007585885934531689,-0.07680210471153259,0.2861330211162567,0.11348170787096024,-0.16315151751041412,-0.07763276249170303,0.2363397181034088,-0.14309009909629822,-0.012249894440174103,0.11913365125656128,-0.07373905181884766,-0.25847020745277405,-0.2458263784646988,-0.022969365119934082,0.3442470133304596,0.07705919444561005,-0.12633828818798065,0.05487758293747902,-0.11808198690414429,-0.1000424176454544,-0.052984364330768585,0.1112002357840538,-0.05502283573150635,0.01615653745830059,-0.0187472403049469,-0.007364310324192047,0.20693816244602203,0.020198728889226913,-0.03229613974690437,0.1982371211051941,0.018498392775654793,-0.02449752949178219,0.08684112876653671,0.09554760903120041,-0.08549417555332184,0.004539135843515396,-0.19882597029209137,-0.0037151742726564407,0.06086878851056099,0.002337507903575897,0.001054619438946247,0.08323950320482254,-0.18754370510578156,0.16281965374946594,0.02497696876525879,-0.11836522817611694,0.08795930445194244,-0.07271846383810043,-0.04399637505412102,-0.11951948702335358,0.1771087497472763,-0.3709013760089874,0.17627990245819092,0.1373109370470047,-0.030663980171084404,0.2557019889354706,0.013035167939960957,0.12195717543363571,-0.015440532006323338,-0.0340750552713871,-0.20550401508808136,-0.10576904565095901,0.08884339034557343,-0.033052846789360046,0.08828709274530411,0.02786768227815628",-1.004803562
Natalie Portman,"-0.17676232755184174,0.12332867085933685,0.16902291774749756,-0.13253900408744812,-0.14477227628231049,-0.03165886178612709,0.022011131048202515,-0.06718095391988754,0.19690801203250885,-0.10931166261434555,0.19047945737838745,-0.10091561079025269,-0.32460615038871765,0.0876106321811676,-0.08332877606153488,0.16160106658935547,-0.15617401897907257,-0.18511530756950378,-0.03782280161976814,-0.08903703838586807,0.18000562489032745,0.0072020478546619415,-0.0302718635648489,0.06190637871623039,-0.21122902631759644,-0.24269936978816986,-0.12430939823389053,0.013073205947875977,0.006761869415640831,-0.11418543756008148,0.07832096517086029,0.11130325496196747,-0.18101467192173004,0.03441789746284485,-0.005558077245950699,0.20687469840049744,-0.0048329029232263565,-0.24439729750156403,0.1890360414981842,0.06065327674150467,-0.21814797818660736,-0.019900746643543243,0.10196689516305923,0.24340805411338806,0.1675323098897934,0.04278896749019623,0.04855220764875412,-0.0694032609462738,0.1211845800280571,-0.28020650148391724,-0.006592407822608948,0.1995684802532196,0.09113117307424545,0.11650975793600082,0.11234961450099945,-0.2507856786251068,0.09660821408033371,0.13457393646240234,-0.20884014666080475,-0.011568732559680939,0.0709683895111084,-0.12615351378917694,0.05598757416009903,-0.15928547084331512,0.19631540775299072,0.10025566816329956,-0.10524115711450577,-0.11975120007991791,0.3127917945384979,-0.12686726450920105,-0.10612882673740387,0.1584419459104538,-0.14141596853733063,-0.15573668479919434,-0.17215511202812195,0.031989824026823044,0.3931371867656708,0.21232065558433533,-0.1184053048491478,0.057082757353782654,-0.05054555833339691,-0.004698987118899822,-0.04474370926618576,0.15270234644412994,-0.007946638390421867,0.0225820429623127,-0.13063794374465942,-0.010004142299294472,0.2714000642299652,-0.014194991439580917,0.005790182389318943,0.2578433156013489,0.09105594456195831,-0.044536467641592026,-0.004277353174984455,-0.0348040871322155,-0.1364111602306366,0.02751278318464756,-0.11315302550792694,-0.04032689705491066,-0.06048563867807388,-0.08958664536476135,-0.08101563155651093,0.08966394513845444,-0.21457073092460632,0.1480618417263031,-0.026783350855112076,-0.10187175869941711,-0.20809738337993622,-0.07535392045974731,-0.056037791073322296,0.11667554080486298,0.14919526875019073,-0.360568642616272,0.14006267488002777,0.21911419928073883,0.00818364042788744,0.16360843181610107,0.07621511071920395,0.13714759051799774,0.08270685374736786,-0.09701794385910034,-0.1261034458875656,-0.1590074747800827,0.040677353739738464,-0.07000502198934555,0.02619810588657856,0.07441142946481705",-0.290303923
Nicole Kidman,"-0.10118619352579117,0.07749345898628235,0.09647930413484573,-0.13768650591373444,-0.09863743931055069,0.017037197947502136,0.03184207156300545,-0.07890975475311279,0.2799109220504761,-0.04399906098842621,0.11856546998023987,-0.11725903302431107,-0.34864485263824463,0.06812092661857605,-0.011451749131083488,0.14551672339439392,-0.18093165755271912,-0.08865505456924438,-0.12059423327445984,-0.04957200959324837,0.01417222898453474,0.11024829000234604,0.02225971780717373,0.07997062057256699,-0.09034758806228638,-0.29334479570388794,-0.0583534799516201,-0.06412086635828018,0.0034544914960861206,-0.10105135291814804,0.018074743449687958,0.19377119839191437,-0.13463866710662842,-0.068516306579113,0.035454243421554565,0.12860777974128723,-0.10455162078142166,-0.19859325885772705,0.15350866317749023,-0.026414796710014343,-0.164950430393219,-0.08906733989715576,0.054752133786678314,0.2146892249584198,0.25110870599746704,-0.008274506777524948,0.031225912272930145,-0.14994829893112183,0.07305283099412918,-0.3959660828113556,0.025293100625276566,0.2215530425310135,-0.06826058775186539,0.1249416396021843,0.1349247843027115,-0.24375516176223755,0.020981302484869957,0.17876788973808289,-0.17804835736751556,0.08362052589654922,0.09507715702056885,-0.06336141377687454,0.04931706190109253,-0.06640877574682236,0.16342636942863464,0.09823194891214371,-0.09255100041627884,-0.13468019664287567,0.17174242436885834,-0.1394256204366684,-0.03569728881120682,0.12479975819587708,-0.15606597065925598,-0.2772046625614166,-0.1548771858215332,0.03890910744667053,0.3293907046318054,0.18366846442222595,-0.09493590146303177,0.07496462017297745,-0.1291118860244751,-0.03463971987366676,0.042524322867393494,0.06202105060219765,0.02393430285155773,-0.11604337394237518,-0.08160267025232315,0.0459619015455246,0.24066373705863953,-0.0673581138253212,0.02267647720873356,0.3124253749847412,0.004630103707313538,-0.14045082032680511,-0.006198487244546413,0.037683337926864624,-0.07774925231933594,0.06926602125167847,-0.18475453555583954,-0.04997509717941284,0.0901700034737587,-0.07824017852544785,-0.0028992616571485996,0.09519699215888977,-0.2049715667963028,0.13376876711845398,-0.002219115849584341,-0.055800020694732666,0.001988363917917013,-0.1980770230293274,-0.09205837547779083,0.05739505961537361,0.293902188539505,-0.2738564610481262,0.21036581695079803,0.15268833935260773,0.04084426164627075,0.1930219680070877,0.0008744415827095509,0.1431591957807541,0.09329301118850708,-0.0967249795794487,-0.09228703379631042,-0.02549482323229313,0.0939614325761795,0.08068489283323288,-0.065178781747818,0.044963981956243515",-0.179638529
Robert Downey Jr,"-0.02405078150331974,0.01580817438662052,0.10939893871545792,0.02943003550171852,-0.06902486085891724,-0.05449237301945686,-0.06970666348934174,-0.07047595083713531,0.1560332179069519,-0.0642080307006836,0.24278557300567627,0.00915519893169403,-0.1992415189743042,-0.012890943326056004,-0.029863324016332626,0.12049898505210876,-0.08511147648096085,-0.019046438857913017,-0.19813375174999237,-0.0837482213973999,-0.0886700227856636,0.06231841444969177,0.10457640886306763,0.021555107086896896,-0.09328193217515945,-0.3072203993797302,-0.10964950919151306,-0.08849771320819855,0.12298019975423813,-0.12174665182828903,-0.03321317955851555,0.024619821459054947,-0.16173681616783142,-0.11085737496614456,0.026260297745466232,0.06542272865772247,-0.1099543571472168,-0.10910134762525558,0.23627974092960358,0.145784392952919,-0.14953000843524933,0.022167038172483444,0.05855906754732132,0.3065263330936432,0.2223573476076126,0.058069225400686264,0.06720052659511566,-0.053468815982341766,0.07951732724905014,-0.24168255925178528,0.08896755427122116,0.1016005426645279,0.17416654527187347,0.08418493717908859,0.18185250461101532,-0.18602634966373444,0.0928012877702713,0.19084614515304565,-0.1649685949087143,0.15993937849998474,0.06707723438739777,-0.011702725663781166,0.055289603769779205,0.06967854499816895,0.21319521963596344,0.08799311518669128,-0.06912405788898468,-0.08136183768510818,0.06069885566830635,-0.1688668578863144,-0.012275272980332375,0.12525367736816406,-0.08680997043848038,-0.16958987712860107,-0.3212093710899353,-0.010888906195759773,0.40179646015167236,0.14197827875614166,-0.16660581529140472,-0.01750306598842144,-0.04789590463042259,-0.11161846667528152,0.07654212415218353,0.08038662374019623,-0.12541688978672028,-0.05079079419374466,-0.09065109491348267,-0.029347050935029984,0.19685816764831543,0.04123044013977051,0.00022446177899837494,0.22598394751548767,-0.0036117974668741226,-0.07285278290510178,0.0014799442142248154,-0.019818250089883804,-0.17874249815940857,-0.03724154829978943,-0.05736809968948364,-0.0962676852941513,0.02122632786631584,-0.12299692630767822,0.025931280106306076,0.008846045471727848,-0.279679536819458,0.12408210337162018,-0.015778927132487297,-0.06278271973133087,0.04277164489030838,-0.019961318001151085,-0.11838329583406448,0.03251936286687851,0.22885586321353912,-0.2895493805408478,0.18761736154556274,0.22113248705863953,0.03783677518367767,0.09769865870475769,0.09864587336778641,0.045951664447784424,-0.024462826550006866,0.040860410779714584,-0.050608452409505844,-0.06110503897070885,-0.07068702578544617,-0.08872174471616745,0.08476140350103378,0.03316630423069",0.207355481
Sandra Bullock,"-0.14454561471939087,0.14580820500850677,0.09815429151058197,-0.07524368911981583,-0.03299322351813316,0.017397401854395866,-0.08614572882652283,-0.04746535047888756,0.245703786611557,-0.10596349835395813,0.266612708568573,-0.027723539620637894,-0.28935128450393677,0.016298091039061546,-0.03711429610848427,0.1515435129404068,-0.20132692158222198,0.0020157527178525925,-0.10205895453691483,-0.08444960415363312,0.13471578061580658,0.10486673563718796,0.06003813445568085,0.12906919419765472,-0.1902632862329483,-0.30714061856269836,-0.09028265625238419,-0.07585275918245316,0.0718812644481659,-0.18105070292949677,-0.009059959091246128,0.028189321979880333,-0.12710854411125183,0.053001753985881805,-0.006294743157923222,0.13438084721565247,-0.07517720013856888,-0.08325769752264023,0.13236455619335175,0.0016637668013572693,-0.20558317005634308,-0.08355049788951874,0.0038665123283863068,0.212091863155365,0.27972227334976196,-0.007072018459439278,-0.00898883119225502,-0.10387945175170898,0.17070166766643524,-0.3163224160671234,0.04079259932041168,0.2343052625656128,-0.009725973010063171,0.10830768197774887,0.20201173424720764,-0.10574068874120712,-0.03508726879954338,0.20629863440990448,-0.18799015879631042,0.023629523813724518,0.04567686840891838,-0.08672241121530533,-0.024011464789509773,-0.10463159531354904,0.08100910484790802,0.11826594173908234,-0.1736530214548111,-0.20083698630332947,0.15083834528923035,-0.21926923096179962,-0.008720852434635162,0.2481241673231125,-0.11040608584880829,-0.24417373538017273,-0.25992846488952637,0.019068410620093346,0.3491307497024536,0.19993312656879425,-0.06407077610492706,0.07919948548078537,-0.04503829404711723,-0.09024999290704727,-0.02381468191742897,0.1119183674454689,-0.02187909558415413,0.024161186069250107,-0.07428058236837387,0.09892512112855911,0.11166011542081833,-0.017347339540719986,0.07176506519317627,0.3434275984764099,-0.056271158158779144,-0.016189485788345337,-0.006878759246319532,0.10521335154771805,-0.20363323390483856,-0.05793192982673645,-0.06913444399833679,-0.0902407243847847,0.04489327594637871,-0.04357721284031868,0.006092666648328304,0.04222002252936363,-0.1319878101348877,0.2163061946630478,-0.06485961377620697,0.023584017530083656,0.001911373808979988,-0.08072466403245926,-0.09116919338703156,0.02566833607852459,0.21514739096164703,-0.2983470559120178,0.13228942453861237,0.09201408922672272,-0.0005928156897425652,0.09886796772480011,0.02034400776028633,0.13433675467967987,-0.031362880021333694,-0.08188022673130035,-0.11120397597551346,-0.03400299698114395,0.004340383689850569,-0.08973360806703568,-0.022185347974300385,-0.09238821268081665",-0.395374538
Sanket,"-0.08112794160842896,0.14245283603668213,0.0687776729464531,-0.06589895486831665,-0.03108881786465645,0.1037723645567894,-0.029268816113471985,-0.005998210981488228,0.17667384445667267,-0.04365496337413788,0.15641255676746368,0.02728290855884552,-0.19134944677352905,-0.05550690367817879,0.004675637930631638,0.15483663976192474,-0.1677986979484558,-0.18494004011154175,-0.10799168050289154,-0.15719284117221832,0.019282208755612373,0.08048425614833832,-0.10141968727111816,-0.014000496827065945,-0.2424262911081314,-0.30778518319129944,0.03136548399925232,-0.11222933232784271,0.0469692125916481,-0.15006884932518005,-0.04143621027469635,-0.006734245922416449,-0.18719011545181274,-0.040638841688632965,0.04393719881772995,0.10555839538574219,-0.004428680986166,-0.05918291583657265,0.1274339258670807,0.06100204586982727,-0.1288524568080902,-0.001399756409227848,0.15115927159786224,0.30487334728240967,0.16982336342334747,0.008986914530396461,0.007530400529503822,-0.016815142706036568,0.12830792367458344,-0.21224457025527954,0.07940756529569626,0.11783161759376526,0.10413295030593872,0.1280139535665512,0.063071608543396,-0.12958477437496185,-0.03333130478858948,0.1373249590396881,-0.2236407995223999,0.14731019735336304,0.09489721804857254,-0.07151024788618088,-0.13057488203048706,-0.06132283806800842,0.17210115492343903,0.1003727987408638,-0.12115541845560074,-0.15706543624401093,0.12197623401880264,-0.1260843127965927,-0.09213124960660934,-0.032719291746616364,-0.08824028074741364,-0.11892550438642502,-0.3065382242202759,0.07763820886611938,0.3582223057746887,0.15004882216453552,-0.19716833531856537,0.014740101993083954,-0.0077134426683187485,-0.0039842096157372,0.09928058832883835,0.062091611325740814,-0.07152872532606125,0.002280120737850666,-0.010020831599831581,0.05887475609779358,0.20957086980342865,0.09536034613847733,-0.037220437079668045,0.11522897332906723,-0.024141808971762657,-0.055839039385318756,0.004864204674959183,0.06561814993619919,-0.15022987127304077,-0.03514351323246956,-0.1443762332201004,-0.0785016342997551,0.002341930754482746,-0.08238094300031662,0.028819169849157333,0.1523219496011734,-0.16619035601615906,0.15091753005981445,0.04810406267642975,-0.012513458728790283,0.04550904408097267,0.12725572288036346,-0.11353408545255661,-0.10047324001789093,0.1567883938550949,-0.18996810913085938,0.16086378693580627,0.21465836465358734,0.046251244843006134,0.09561412781476974,0.10213647037744522,0.08110728859901428,0.03121688961982727,0.06776971369981766,-0.15649788081645966,-0.09885743260383606,-0.01194253284484148,-0.029999949038028717,0.06626870483160019,0.04408706724643707",0.104168463
Scarlett Johansson,"-0.11510399729013443,0.09553297609090805,0.10935340821743011,-0.11098179221153259,-0.04597785323858261,-0.03265593945980072,-0.018764425069093704,-0.07974082231521606,0.28650733828544617,-0.11710243672132492,0.18020568788051605,0.08364535868167877,-0.23202313482761383,-0.024393877014517784,0.0657811164855957,0.1852276772260666,-0.16193802654743195,-0.07919976115226746,-0.044783882796764374,-0.04505758732557297,0.11341489851474762,0.13162532448768616,0.034063827246427536,0.14266951382160187,-0.14828389883041382,-0.2586967945098877,-0.06773409992456436,-0.0437074638903141,-0.11821005493402481,-0.17515362799167633,0.0547914020717144,0.07723508030176163,-0.14245986938476562,0.01620815321803093,-0.03431756794452667,0.13084283471107483,-0.08271225541830063,-0.15781967341899872,0.13988488912582397,0.12860487401485443,-0.24832604825496674,-0.01207168772816658,-0.018347464501857758,0.2634393572807312,0.28702783584594727,0.018741346895694733,0.025455735623836517,-0.10942666977643967,0.16950978338718414,-0.3697669804096222,-0.04816223680973053,0.09200338274240494,-0.09036634862422943,0.01788102090358734,0.05206248536705971,-0.23298373818397522,0.018184762448072433,0.041400279849767685,-0.2978368103504181,0.023697085678577423,0.06850314885377884,-0.24228110909461975,-0.008622949942946434,-0.06301192939281464,0.2177101969718933,0.16368792951107025,-0.14619407057762146,-0.15921615064144135,0.12376660853624344,-0.2367575466632843,-0.09460896253585815,0.15647421777248383,-0.11016988754272461,-0.24183452129364014,-0.2853858172893524,0.03360065445303917,0.35466262698173523,0.13822439312934875,-0.07350446283817291,0.07537781447172165,-0.06592658162117004,0.01680872216820717,-0.014290456660091877,0.22758513689041138,0.037695929408073425,0.025940077379345894,-0.08784642815589905,0.02689557895064354,0.22232912480831146,0.004144794307649136,0.006036163307726383,0.38226747512817383,-0.006256428547203541,-0.0011263000778853893,0.002881838008761406,0.03762586787343025,-0.1168828159570694,0.04106738790869713,-0.0918898954987526,-0.03155119717121124,-0.01434025727212429,-0.06581880152225494,0.07291184365749359,0.08483124524354935,-0.21407300233840942,0.2346205860376358,-0.08233807235956192,-0.03503987193107605,-0.03174548223614693,-0.11075818538665771,-0.11693491041660309,0.027343515306711197,0.16308210790157318,-0.28757888078689575,0.16665999591350555,0.16903960704803467,0.09241519123315811,0.19001257419586182,0.019665943458676338,0.1603192687034607,-0.04430318996310234,-0.0234880018979311,-0.16048091650009155,0.033575188368558884,0.04557326063513756,-0.026874903589487076,0.0925321877002716,0.023478489369153976",-0.130894687
Tom Cruise,"-0.07177023589611053,0.14309397339820862,0.0006977198645472527,0.0688004195690155,-0.18249240517616272,0.06845223903656006,0.043675705790519714,-0.029550684615969658,0.15180270373821259,-0.05872783437371254,0.2854430079460144,0.014871318824589252,-0.23472927510738373,-0.09764175117015839,-0.08706924319267273,0.09743387997150421,-0.0604059211909771,-0.08050353080034256,-0.17426468431949615,-0.11124776303768158,0.03806644678115845,0.022374950349330902,-0.07832396030426025,-0.0011804471723735332,-0.2233434021472931,-0.2805519104003906,-0.00804636999964714,-0.0597473680973053,0.010900847613811493,-0.20481917262077332,-0.024198591709136963,0.1586277335882187,-0.17254142463207245,-0.10420562326908112,0.010725568048655987,0.03783264756202698,-0.060003846883773804,-0.02730885148048401,0.17941954731941223,-0.034818392246961594,-0.1010691225528717,0.07349810004234314,0.05848947912454605,0.3041209876537323,0.2701122760772705,-0.03306225687265396,0.002947568893432617,-0.09525671601295471,0.1789941042661667,-0.3087415397167206,-0.015811078250408173,0.18537448346614838,0.047912076115608215,0.10532169044017792,0.09929376095533371,-0.13337446749210358,-0.047054141759872437,0.13407552242279053,-0.12787377834320068,-0.011844441294670105,-0.033423565328121185,-0.05289517343044281,-0.1047009527683258,-0.12973622977733612,0.11831320822238922,0.057281117886304855,-0.0714082196354866,-0.13030172884464264,0.1572049856185913,-0.1812560111284256,-0.0027209087274968624,0.1076001450419426,-0.09239504486322403,-0.21009349822998047,-0.24933388829231262,0.14023345708847046,0.41712242364883423,0.21052630245685577,-0.18441127240657806,0.0416976697742939,-0.06018838286399841,-0.03871707245707512,0.05719005689024925,-0.050934258848428726,-0.05818301439285278,-0.11396247893571854,-0.08089159429073334,0.09890004992485046,0.2337275743484497,0.008441518992185593,0.0036429886240512133,0.22661235928535461,0.03343189135193825,-0.0662967786192894,0.07136553525924683,0.03527521714568138,-0.13236963748931885,0.0006373804062604904,-0.10549808293581009,0.012856172397732735,0.10605679452419281,-0.17263147234916687,0.014692779630422592,0.094926618039608,-0.16308480501174927,0.17383310198783875,-0.06440740823745728,0.056925199925899506,0.022108741104602814,-0.11691656708717346,-0.11187127232551575,0.09463714063167572,0.2061588317155838,-0.26641345024108887,0.23135137557983398,0.05994406342506409,-0.051249586045742035,0.1392032653093338,0.0971963182091713,0.06362414360046387,-0.04182300716638565,-0.027043867856264114,-0.12952427566051483,-0.11348653584718704,0.0669899508357048,-0.1016647070646286,0.019288279116153717,-0.059425052255392075",-0.639484617
Tom Hanks,"-0.006223107688128948,0.11832524091005325,-0.005197812337428331,-0.013725107535719872,-0.033786091953516006,-0.05810083821415901,0.00761776976287365,-0.16440744698047638,0.15307137370109558,-0.06091970205307007,0.18762311339378357,-0.05997590720653534,-0.3023987412452698,-0.0690278559923172,-0.05372794717550278,0.1178135946393013,-0.16195286810398102,-0.10861193388700485,-0.10422901809215546,-0.15548019111156464,-4.654238000512123e-05,0.049677833914756775,0.016137301921844482,0.05865642800927162,-0.07964500784873962,-0.2474566251039505,-0.1256304681301117,-0.03439032658934593,0.03544129058718681,-0.06120804697275162,0.039573460817337036,0.07434424757957458,-0.20737160742282867,-0.0757671669125557,0.03642928600311279,0.02586783468723297,-0.04965458810329437,-0.06662539392709732,0.27975788712501526,0.07283315062522888,-0.07314853370189667,0.11571267247200012,0.034574754536151886,0.2849712073802948,0.22512967884540558,0.022912539541721344,-0.005456684157252312,-0.11390268057584763,0.15109962224960327,-0.1845940202474594,0.021968882530927658,0.27148690819740295,0.17806071043014526,0.04543377831578255,-0.001534104347229004,-0.107049860060215,-0.014988800510764122,0.18730971217155457,-0.2524431347846985,0.043755825608968735,0.07321055233478546,-0.12020623683929443,-0.01796209253370762,-0.015306863933801651,0.169576495885849,0.07897505909204483,-0.15243841707706451,-0.1363685429096222,0.18224747478961945,-0.19276806712150574,-0.08920030295848846,0.013708670623600483,-0.11219675093889236,-0.14027085900306702,-0.34945785999298096,0.08152221143245697,0.38442298769950867,0.1145804226398468,-0.17384125292301178,0.04528629779815674,-0.12463267147541046,-0.04008948802947998,0.013545732945203781,0.09188523143529892,-0.12015680223703384,-0.12807443737983704,-0.10759373754262924,-0.0010429657995700836,0.15932275354862213,0.028027668595314026,-0.10449592769145966,0.21882344782352448,0.013537782244384289,0.03213007003068924,0.008927036076784134,0.04706794023513794,-0.17608845233917236,-0.07729803025722504,-0.10343517363071442,-0.04022148996591568,-0.037862103432416916,-0.06588267534971237,0.00482074124738574,0.1539498269557953,-0.1538696587085724,0.20147690176963806,-0.03409045189619064,-0.0525834746658802,-0.06367278844118118,-0.021422039717435837,-0.0724201500415802,0.011717183515429497,0.13779492676258087,-0.28469622135162354,0.19488725066184998,0.10766713321208954,-0.014510042034089565,0.13024678826332092,0.07778919488191605,0.09351402521133423,-0.03617075830698013,-0.019815761595964432,-0.1465066820383072,-0.16497802734375,0.021440662443637848,0.02537379041314125,0.13894838094711304,0.032304905354976654",-0.805989766
Will Smith,"-0.17233802378177643,0.06795765459537506,0.0511070191860199,0.008249382488429546,0.053464390337467194,-0.15086841583251953,0.08748932927846909,-0.09257882833480835,0.13375809788703918,-0.05887144058942795,0.255880206823349,0.00383268715813756,-0.15521886944770813,-0.23094488680362701,0.038922395557165146,0.14635497331619263,-0.15526247024536133,-0.15626633167266846,-0.10431544482707977,-0.14563558995723724,-0.048743851482868195,0.037570394575595856,-0.025158951058983803,0.08038226515054703,-0.06798743456602097,-0.3211880028247833,-0.10479236394166946,-0.1538427621126175,0.07087869942188263,-0.07637235522270203,0.0232328362762928,0.09417491406202316,-0.15505334734916687,-0.02553686685860157,-0.006354009732604027,0.10826707631349564,0.10225920379161835,0.03703628480434418,0.1316777765750885,0.06964331865310669,-0.07998050004243851,-0.017806971445679665,0.019130706787109375,0.34983786940574646,0.20796965062618256,0.003372596576809883,0.02973216585814953,-0.0005548577755689621,0.08503478765487671,-0.16391083598136902,0.009683892130851746,0.06644899398088455,0.14280001819133759,0.057173825800418854,0.0646844282746315,-0.19198498129844666,-0.03686762601137161,0.0662945806980133,-0.1834624856710434,0.05601592734456062,-0.002886380534619093,-0.10129272192716599,-0.13837122917175293,-0.03402161970734596,0.27822306752204895,0.07791570574045181,-0.16118651628494263,-0.11095483601093292,0.20650413632392883,-0.18712164461612701,-0.025446565821766853,0.05543624982237816,-0.09564883261919022,-0.06925127655267715,-0.2787104547023773,0.12079057097434998,0.3590613007545471,0.12627013027668,-0.21224181354045868,0.05368541181087494,-0.17352482676506042,0.033859074115753174,0.01684947870671749,0.06021222472190857,-0.10127369314432144,0.05246981605887413,-0.14947617053985596,-0.03756863623857498,0.08270533382892609,0.10244054347276688,-0.013053180649876595,0.18059022724628448,-0.06786661595106125,0.0662575215101242,0.004239738918840885,-0.06043288856744766,-0.0718495324254036,-0.03349551558494568,-0.05241910368204117,-0.07712830603122711,0.02770313061773777,-0.12608648836612701,0.007502267137169838,0.054615318775177,-0.1726137399673462,0.17401020228862762,0.022600026801228523,0.07401104271411896,-0.00367871206253767,0.09150171279907227,-0.02123558148741722,0.011752111837267876,0.12614107131958008,-0.28158628940582275,0.2150188535451889,0.17781946063041687,-0.007171109318733215,0.16982942819595337,0.030562913045287132,0.11938051879405975,-0.11014110594987869,-0.045443855226039886,-0.13429860770702362,-0.02431507408618927,0.0063280751928687096,-0.08036919683218002,0.05656589940190315,0.05184077471494675",-0.289048937
Larry Page,"-0.09217815846204758,0.13668105006217957,0.063114695250988,-0.018839603289961815,-0.08554323017597198,-0.01209317333996296,0.036275945603847504,-0.06802289187908173,0.12122201174497604,-0.06366098672151566,0.1326880156993866,-0.11105330288410187,-0.3075641989707947,0.0160331130027771,-0.12679585814476013,0.12548820674419403,-0.12767775356769562,-0.12550564110279083,-0.12410222738981247,-0.06715985387563705,0.08826576918363571,0.013377010822296143,0.012805868871510029,0.027128450572490692,-0.1164240837097168,-0.27576547861099243,-0.12610343098640442,-0.09863283485174179,0.06585618108510971,-0.10519260168075562,0.003282196819782257,0.061443354934453964,-0.167234405875206,-0.03830956295132637,-0.04686009883880615,-0.025115080177783966,-0.015321853570640087,-0.05787891894578934,0.19702334702014923,0.10980530828237534,-0.1352139711380005,0.04850089177489281,-0.009383533149957657,0.3171670734882355,0.14966340363025665,0.06882639229297638,0.05979407578706741,-0.1337377429008484,0.045566290616989136,-0.2590744197368622,-0.011552806943655014,0.2145932912826538,0.09662745893001556,0.056993477046489716,0.11508037149906158,-0.14813850820064545,0.06416203081607819,0.08302487432956696,-0.2001764178276062,0.10874257981777191,0.05402575060725212,0.023447822779417038,0.04003097862005234,-0.06771867722272873,0.14516565203666687,0.018520409241318703,-0.08686766028404236,-0.0451846681535244,0.18782757222652435,-0.17626671493053436,0.014526523649692535,0.07451992481946945,-0.07172137498855591,-0.20309677720069885,-0.22860029339790344,0.0455503910779953,0.4224022626876831,0.1989298164844513,-0.13395632803440094,0.023828543722629547,-0.09544221311807632,-0.08193224668502808,0.08729824423789978,0.04970424622297287,-0.1652703434228897,-0.025864142924547195,-0.08434618264436722,0.05722907930612564,0.180674210190773,-0.049905918538570404,0.027838528156280518,0.22818239033222198,0.043109577149152756,-0.04541129246354103,0.001054528634995222,0.010565833188593388,-0.1356651782989502,0.01568160578608513,-0.0724216178059578,0.0447181798517704,-0.023980475962162018,-0.16792160272598267,-0.036936935037374496,0.049271129071712494,-0.16336795687675476,0.07427473366260529,-0.019348612055182457,-0.12755799293518066,-0.15278565883636475,-0.043335407972335815,-0.143441841006279,0.04929325357079506,0.18962833285331726,-0.25498202443122864,0.1292884796857834,0.24014025926589966,-0.04781005159020424,0.0805562287569046,0.0893208384513855,0.06842410564422607,-0.0005348958075046539,-0.04168856143951416,-0.09900584816932678,-0.10118990391492844,0.09216846525669098,-0.06340624392032623,-0.014810657128691673,-0.016378948464989662",-0.892037244
